{
  "hash": "a03c2226",
  "configHash": "9d32ff80",
  "lockfileHash": "4e4b3305",
  "browserHash": "ed60e0ab",
  "optimized": {
    "@angular/core": {
      "src": "../../../../../../node_modules/@angular/core/fesm2022/core.mjs",
      "file": "@angular_core.js",
      "fileHash": "dc24f896",
      "needsInterop": false
    },
    "@angular/platform-browser": {
      "src": "../../../../../../node_modules/@angular/platform-browser/fesm2022/platform-browser.mjs",
      "file": "@angular_platform-browser.js",
      "fileHash": "439cb4f9",
      "needsInterop": false
    },
    "@angular/router": {
      "src": "../../../../../../node_modules/@angular/router/fesm2022/router.mjs",
      "file": "@angular_router.js",
      "fileHash": "e8dda0f1",
      "needsInterop": false
    },
    "@angular/common": {
      "src": "../../../../../../node_modules/@angular/common/fesm2022/common.mjs",
      "file": "@angular_common.js",
      "fileHash": "26bbb115",
      "needsInterop": false
    }
  },
  "chunks": {
    "chunk-OQ4DNXVN": {
      "file": "chunk-OQ4DNXVN.js"
    },
    "chunk-3FDAJ56C": {
      "file": "chunk-3FDAJ56C.js"
    },
    "chunk-MLSFSH6F": {
      "file": "chunk-MLSFSH6F.js"
    }
  }
}